"Predictor","Odds_Ratio","CI_lower","CI_upper","P_value","Significance"
"(Intercept)",0.324636525907106,0.218288061995252,0.482579561679024,2.65949057628257e-08,"***"
"hormone8",0.995827184966171,0.993477921673386,0.998045557958548,0.000349305350185922,"***"
